{
    "Logistic Regression": {
        "accuracy": 0.823139399966849,
        "precision": 0.7444561774023232,
        "recall": 0.46078431372549017,
        "f1_score": 0.5692369802180056
    },
    "Decision Tree": {
        "accuracy": 0.8083872037129123,
        "precision": 0.6225425950196593,
        "recall": 0.6209150326797386,
        "f1_score": 0.6217277486910995
    },
    "Random Forest": {
        "accuracy": 0.8543013426156141,
        "precision": 0.7482837528604119,
        "recall": 0.6411764705882353,
        "f1_score": 0.6906019007391764
    },
    "KNN": {
        "accuracy": 0.8257914801922758,
        "precision": 0.6767527675276753,
        "recall": 0.5993464052287582,
        "f1_score": 0.6357019064124784
    },
    "Naive Bayes": {
        "accuracy": 0.7984419028675618,
        "precision": 0.7098930481283422,
        "recall": 0.34705882352941175,
        "f1_score": 0.466198419666374
    },
    "SVM": {
        "accuracy": 0.8471738770097795,
        "precision": 0.7719141323792487,
        "recall": 0.5640522875816993,
        "f1_score": 0.6518126888217523
    },
    "XGBoost": {
        "accuracy": 0.8683905188131941,
        "precision": 0.7729970326409495,
        "recall": 0.681045751633987,
        "f1_score": 0.7241139680333565
    },
    "LightGBM": {
        "accuracy": 0.8735289242499585,
        "precision": 0.7934200459066565,
        "recall": 0.6777777777777778,
        "f1_score": 0.7310539302079662
    },
    "CatBoost": {
        "accuracy": 0.8735289242499585,
        "precision": 0.7911921032649962,
        "recall": 0.681045751633987,
        "f1_score": 0.7319985950122937
    }
}